listing_id,source,url,title,price_eur,mileage_km,registration_year,battery_kwh,power_hp,description,seller,collected_at,infotainment_129_candidate,classification_evidence,restyling_candidate,confidence_score
687c3f5acdcce509,autoscout24,https://www.autoscout24.it/annunci/volkswagen-id-3-58-kwh-pro-elettrica-nero-cat_ma74mo75602-c2db3773-3ff7-4817-ac2b-c334b9056368,Volkswagen ID.3,28300.0,26.173,2024,58.0,,,,2026-09-15T12:00:27.546930+00:00,False,,True,35
35b3ccc579323dfc,autoscout24,https://www.autoscout24.it/annunci/volkswagen-id-3-pro-performance-elettrica-bianco-cat_ma74mo75602-3128736e-16b1-4d5d-9e18-68c96dade335,Volkswagen ID.3,23900.0,40.698,2024,,,,,2026-09-15T12:00:27.547794+00:00,False,,True,20
52b26f54f2407db3,autoscout24,https://www.autoscout24.it/annunci/volkswagen-id-3-id-3-pro-elettrica-nero-cat_ma74mo75602-081ba48f-121a-4791-9cfd-1d57281727da,Volkswagen ID.3,32900.0,10.0,2025,,,,,2026-09-15T12:00:27.548557+00:00,False,,True,20
cf6ba7021f8a261d,autoscout24,https://www.autoscout24.it/annunci/volkswagen-id-3-58-kwh-pro-performance-204cv-elettrica-rosso-cat_ma74mo75602-33f13aef-8bb9-48e6-bcc2-d6d4129d7c70,Volkswagen ID.3,29900.0,7.91,2025,58.0,204.0,,,2026-09-15T12:00:27.549033+00:00,False,,True,35
9512138e6d1e3ad8,autoscout24,https://www.autoscout24.it/annunci/volkswagen-id-3-pro-s-edition-plus-79kwh-net-150kw-204cv-elettrica-nero-cat_ma74mo75602-c34eebbf-0c85-4d81-830b-0ef5fa1f8535,Volkswagen ID.3,36900.0,11.0,2026,79.0,,,,2026-09-15T12:00:27.549838+00:00,False,,True,35
d2ef0750eedb298b,autoscout24,https://www.autoscout24.it/annunci/volkswagen-id-3-58-kwh-pro-performance-204cv-iva-esposta-elettrica-nero-cat_ma74mo75602-da77fb1c-031f-4faa-b7f4-76d1df7da29d,Volkswagen ID.3,24500.0,42.17,2024,58.0,204.0,,,2026-09-15T12:00:27.550470+00:00,False,,True,35
02f00acab144005b,autoscout24,https://www.autoscout24.it/annunci/volkswagen-id-3-58-kwh-pro-performance-204cv-elettrica-bianco-cat_ma74mo75602-64f9ef37-2ae5-47bc-846c-3c8592488d4f,Volkswagen ID.3,28900.0,20.344,2024,58.0,204.0,,,2026-09-15T12:00:27.551132+00:00,False,,True,35
df6d18278a491d3e,autoscout24,https://www.autoscout24.it/annunci/volkswagen-id-3-pro-edition-plus-59kwh-net-150kw-204cv-elettrica-bianco-cat_ma74mo75602-c9aa6a75-2dea-4860-87b1-0025f2cb395b,Volkswagen ID.3,35900.0,16.0,2026,59.0,,,,2026-09-15T12:00:27.552015+00:00,False,,True,35
968372446989cb42,autoscout24,https://www.autoscout24.it/annunci/volkswagen-id-3-pro-edition-plus-59kwh-net-150kw-204cv-elettrica-nero-cat_ma74mo75602-c8de48f1-187e-4855-aadc-13136ca5f1ad,Volkswagen ID.3,32900.0,170.0,2025,59.0,,,,2026-09-15T12:00:27.552902+00:00,False,,True,35
c8dc346029a75de2,autoscout24,https://www.autoscout24.it/annunci/volkswagen-id-3-pure-edition-plus-52kwh-net-125kw-170cv-elettrica-grigio-cat_ma74mo75602-4baa379a-2bf7-4630-b209-8d3e1491f23f,Volkswagen ID.3,32900.0,14.0,2026,,,,,2026-09-15T12:00:27.553817+00:00,False,,True,20
e0039c1720046a34,autoscout24,https://www.autoscout24.it/annunci/volkswagen-id-3-79-kwh-pro-s-edition-plus-204cv-elettrica-blu-azzurro-cat_ma74mo75602-71c9e887-557e-4d01-b3f7-66142861b0e8,Volkswagen ID.3,39900.0,10.0,2026,79.0,204.0,,,2026-09-15T12:00:27.554424+00:00,False,,True,35
0c347950322fa8ba,autoscout24,https://www.autoscout24.it/annunci/volkswagen-id-3-59-kwh-pro-edition-plus-204cv-elettrica-nero-cat_ma74mo75602-450e1728-f6cb-4d06-a5c4-b4a5e4b9196a,Volkswagen ID.3,35900.0,10.0,2026,59.0,204.0,,,2026-09-15T12:00:27.554777+00:00,False,,True,35
9c8d614564611469,autoscout24,https://www.autoscout24.it/annunci/volkswagen-id-3-id-3-58kwh-business-204cv-elettrica-argento-cat_ma74mo75602-bff62f1e-5308-4789-bf66-47af1390a894,Volkswagen ID.3,32900.0,3.132,2025,58.0,204.0,,,2026-09-15T12:00:27.555470+00:00,False,,True,35
e36fd1e51cb906e7,autoscout24,https://www.autoscout24.it/annunci/volkswagen-id-3-59-kwh-pro-204cv-elettrica-nero-cat_ma74mo75602-2cd96a0e-456e-4aee-9aaf-9dc668c72628,Volkswagen ID.3,36920.0,5.196,2025,59.0,204.0,,,2026-09-15T12:00:27.556122+00:00,False,,True,35
367d9753d117d69a,autoscout24,https://www.autoscout24.it/annunci/volkswagen-id-3-pro-performance-58kwh-elettrica-verde-cat_ma74mo75602-ec73e2d1-f565-4227-8a16-9e5fc7c59747,Volkswagen ID.3,48500.0,10.0,2025,58.0,,,,2026-09-15T12:00:27.556806+00:00,False,,True,35
e5c930916fcadf5f,autoscout24,https://www.autoscout24.it/annunci/volkswagen-id-3-58-kwh-pro-performance-edition-plus-204cv-elettrica-grigio-cat_ma74mo75602-7e62f3de-b4f8-4664-aa39-c1844f9eb3a9,Volkswagen ID.3,25900.0,39.23,2025,58.0,204.0,,,2026-09-15T12:00:27.557331+00:00,False,,True,35
7137e78fcc6d0c8d,autoscout24,https://www.autoscout24.it/annunci/volkswagen-id-3-77-kwh-pro-s-edition-plus-204cv-elettrica-cat_ma74mo75602-689f04f4-e055-4ac8-8cb1-5bdf04b18b94,Volkswagen ID.3,29000.0,15.0,2024,77.0,204.0,,,2026-09-15T12:00:27.557591+00:00,False,,True,35
8f4ea379e5cfc13c,autoscout24,https://www.autoscout24.it/annunci/volkswagen-id-3-58-kwh-pro-performance-204cv-elettrica-nero-cat_ma74mo75602-3f34b9ab-81b6-4d5a-8264-5a61a4184ba5,Volkswagen ID.3,26900.0,15.189,2024,58.0,204.0,,,2026-09-15T12:00:27.558194+00:00,False,,True,35
27fe943908c67c33,autoscout24,https://www.autoscout24.it/annunci/volkswagen-id-3-58-kwh-pro-performance-elettrica-grigio-cat_ma74mo75602-508b9db8-8481-4b4d-9662-248e8ed64a5c,Volkswagen ID.3,24400.0,43.444,2024,58.0,,,,2026-09-15T12:00:27.558807+00:00,False,,True,35
